@tznkai,@_cingraham
@joegooding,@2AorGTFO
@dawterofliberty,@4thAnon
@NursesWhoVax,@A_Rappagliosi
@PubHealthSci,@A_Rappagliosi
@joegooding,@â€¦
@jmeigsjr,@aafpprez
@dawterofliberty,@abcnews
@AnniElocin,@abcnews
@NealMcCluskey,@ACLU
@VOANorman,@AdamMinter
@Prairies,@AdamMinter
@cmcnguyen,@aetiology
@DrPanMD,@AFHSBPAGE
@wyomingbroncos,@AG_Conservative
@Globalyze_,@agreencleveland
@GeminisRegio,@alienfirst
@laura_sprague,@and_kell
@joegooding,@and_kell
@emmathurn,@and_kell
@Nemo_III,@and_kell
@SFdirewolf,@AndrewPulrang
@KatWaterflame,@AnemoneTea
@joegooding,@Angelapaints
@capn_madd_katt,@AngeliqueAshby
@capn_madd_katt,@AngeliqueAshby
@OTCbike,@AngeliqueAshby
@DowntownSac,@AngeliqueAshby
@hodson93law,@AngeliqueAshby
@OTCbike,@AngeliqueAshby
@Katinsac,@AngeliqueAshby
@kenjbarnes1,@AngeliqueAshby
@AngeliqueAshby,@AngeliqueAshby
@OTCbike,@AngeliqueAshby
@OTCbike,@AngeliqueAshby
@natomasdaily,@AngeliqueAshby
@hgawlick,@AngeliqueAshby
@suelmorrow,@AngeliqueAshby
@AngeliqueAshby,@AngeliqueAshby
@AngeliqueAshby,@AngeliqueAshby
@AngeliqueAshby,@AngeliqueAshby
@AngeliqueAshby,@AngeliqueAshby
@DowntownSac,@AngeliqueAshby
@jordyntruee,@AngeliqueAshby
@ShannanVelayas,@AngeliqueAshby
@KPMcDonald,@Anna_D_Scott
@CalicoInsite,@AnonymTipster
@dursonj,@AntaraInsight
@DotFranny,@ArgonautNews
@waynerohde,@aribertdeckers
@waynerohde,@aribertdeckers
@wyomingbroncos,@AriMelber
@CHolmes87,@ASPCA
@dmilat68,@aspiesmom
@tony_mcdowell,@aspiring_dm
@peakdavid,@aspiritcan
@joegooding,@aspiritcan
@dawterofliberty,@aspiritcan
@dawterofliberty,@aspiritcan
@AwakeningLib,@aspiritcan
@BethIsAwake,@aspiritcan
@dawterofliberty,@aspiritcan
@CAWalks,@aspiritcan
@icansketchu,@aspiritcan
@vaxxedStLouis,@AutismOne
@joegooding,@AutistasAngeles
@Burness,@AVACNow
@ARAdultImmDoc,@AVACNow
@soybean52,@avoiceforchoice
@defendressofsan,@avoiceforchoice
@kfbk,@avoiceforchoice
@LydiaMFanfan,@B_pertussis
@JJsHelloFund,@BarbaraBoxer
@BassBabyDoll,@BassBabyDoll
@DrPanMD,@bayareahomeless
@julie_cart,@bayareahomeless
@CALmatters,@bayareahomeless
@GlendaMcRose,@BayAreaNonprofs
@savyone23,@bbcworld
@StepPalmer,@bbcworld
@dawterofliberty,@bbcworld
@AnniElocin,@bbcworld
@wyomingbroncos,@BDubCO
@surfthespectrum,@Bec2629
@doritmi,@BeckyJohnson222
@doritmi,@BeckyJohnson222
@DearVegAbby,@BenAllenCA
@savyone23,@BenAllenCA
@soybean52,@BenAllenCA
@soybean52,@BenAllenCA
@Sltmama,@BenAllenCA
@Sltmama,@BenAllenCA
@almamoy,@BenAllenCA
@dmilat68,@BenAllenCA
@CAWalks,@BenAllenCA
@dmilat68,@BenAllenCA
@DotFranny,@BenAllenCA
@dmilat68,@BenAllenCA
@dmilat68,@BenAllenCA
@EaseT1d,@BethGaines_
@AwakeningLib,@BethIsAwake
@dawterofliberty,@BethMooreLPM
@SamanthaJGalvin,@BIDInitiative
@SNCCLA,@Biegenzahn
@SNCCLA,@Biegenzahn
@katannsky2,@BillGates
@ChildrenNow,@billmonning
@samdtran,@billmonning
@StepPalmer,@billyboblee310
@sjz1983,@BioWonk
@Awithonelison,@BioWonk
@Awithonelison,@BioWonk
@hithappenings,@BlondeScientist
@genevive429,@BlondeScientist
@theNCI,@BlondeScientist
@ChildrenNow,@bobhuff99
@samdtran,@bobhuff99
@PWnorthwest,@bostonglobe
@ljbolog,@brennapaige16
@jasmineweebchan,@BriDanann
@GeminisRegio,@BriDanann
@GeminisRegio,@BriDanann
@GeminisRegio,@BriDanann
@SNCCLA,@BusyDrT
@dmilat68,@caleg
@dmilat68,@caleg
@dmilat68,@caleg
@dmilat68,@caleg
@DrPanMD,@CalEndow
@DrPanMD,@CALmatters
@julie_cart,@CALmatters
@pamela419,@CancerTruthNews
@pamela419,@CancerTruthNews
@pamela419,@CancerTruthNews
@DrPanMD,@CAPublicHealth
@NealMcCluskey,@carolburris
@dmilat68,@CASenateDems
@CAWalks,@CASenateDems
@dmilat68,@CASenateDems
@dmilat68,@CASenateDems
@dmilat68,@CASenateDems
@healthaccess,@CASenatorJim
@RachelLG83,@CASenatorJim
@AriBFriedman,@CatherineCounts
@DotFranny,@CAWalks
@DotFranny,@CAWalks
@savyone23,@cbcnews
@StepPalmer,@cbcnews
@orangeblood307,@cbschicago
@FarrahFazal,@CBSLA
@ShorealoneFilms,@CBSLA
@KNX1070,@CBSLA
@CBSLA,@CBSLA
@FondoKNXTraffic,@CBSLA
@JenniferCBSLA,@CBSLA
@SonOfJupit3r,@CBSSacramento
@liberalgirl4,@CBSSacramento
@1Mauricewood,@CBSSacramento
@lindibiachi,@CBSSacramento
@mktredi,@CBSSacramento
@LeahinLA,@CBSSacramento
@dcap22803,@CBSSacramento
@tvNewsChristina,@CBSSacramento
@ShirinRajaee,@CBSSacramento
@capn_madd_katt,@ccadelago
@AngeliqueAshby,@ccadelago
@natomasdaily,@ccadelago
@hgawlick,@ccadelago
@suelmorrow,@ccadelago
@AngeliqueAshby,@ccadelago
@DrPanMD,@CDCEmergency
@budugley,@CDCFlu
@DynaMed_POC,@CDCFlu
@budugley,@CDCgov
@mskimmyd85,@ceemonster
@andymarso,@Celia_LJ
@angelakaplan7,@censorednewsnow
@orangeblood307,@centegrahealth
@Subscatter,@centegrahealth
@DrPanMD,@CFA_News
@SEIU2015,@CFA_News
@ShannanVelayas,@CFA_News
@slothlovefezzik,@Cha_C_San
@rynndeer,@Cha_C_San
@ThatSiriusLad,@Cha_C_San
@chu_bacca,@Cha_C_San
@ChristinaLilySu,@Cha_C_San
@mindelannn,@Cha_C_San
@emmiewithacape,@Cha_C_San
@VoiceOfOBrien,@Cha_C_San
@dawterofliberty,@Charbrevolution
@EwEdmiston,@CharityMiles
@glowingnova,@CheeseyPokemon
@DrPanMD,@chrissyfarr
@sabinvaccine,@ChristiAnne67
@98cowboys,@ChristiAnne67
@KittenKoder,@ChristiAnne67
@HopeLizzy,@CIDRZambia
@DrPanMD,@claireconlon
@OTCbike,@claireconlon
@DrPanMD,@cmaphysicians
@capn_madd_katt,@cmaphysicians
@lfrancis0,@cmaphysicians
@BethIsAwake,@CMSRIResearch
@sarahjanekyle,@coloradoan
@CAWalks,@congbillposey
@yayayarndiva,@ConsumersUnion
@joegooding,@CplBart
@BassBabyDoll,@CplBart
@jasmineweebchan,@CriticalRole
@GeminisRegio,@CriticalRole
@GeminisRegio,@CriticalRole
@GeminisRegio,@CriticalRole
@Kaba_Jifika,@CriticalRole
@GeminisRegio,@CriticalRole
@Kaba_Jifika,@CriticalRole
@TheRealRBlack,@CriticalRole
@tony_mcdowell,@CriticalRole
@PeterChristHall,@Crof
@DeeLoralei,@CruzWhobris
@dallasrbaird,@CruzWhobris
@cmaphysicians,@CSKidsAction
@DrPanMD,@CSKidsAction
@EwEdmiston,@CVSClassicGolf
@Chaox173,@damage_ko
@rynndeer,@damage_ko
@hippy_time_,@Damn_It_Dillon
@budugley,@DanBidondi
@PedsGeekMD,@danojano
@ivorytowerstyle,@davidfickling
@ivorytowerstyle,@davidfickling
@ivorytowerstyle,@davidfickling
@ivorytowerstyle,@davidfickling
@orteli_99,@DDiManzella
@orteli_99,@DDiManzella
@ShantelWireman1,@debnantz
@joegooding,@debnantz
@MacRaider,@debnantz
@AnonymTipster,@debwebily11
@ShotAtLife,@defeatDD
@doritmi,@delbigtree
@doritmi,@delbigtree
@wendyblazer65,@delbigtree
@icansketchu,@delbigtree
@StepPalmer,@delbigtree
@dawterofliberty,@desiringGod
@angelakaplan7,@detroitremedy71
@Awithonelison,@dkegel
@Awithonelison,@dkegel
@Awithonelison,@dkegel
@Awithonelison,@dkegel
@Awithonelison,@dkegel
@BethIsAwake,@DocFoster
@EaseT1d,@doclobby
@joegooding,@doctorsensation
@thesaddleguy1,@DoriCFWC
@ShotAtLife,@DoriCFWC
@joegooding,@doritmi
@joegooding,@doritmi
@joegooding,@doritmi
@joegooding,@doritmi
@joegooding,@doritmi
@joegooding,@doritmi
@kidoctr,@doritmi
@gorskon,@doritmi
@arclight,@doritmi
@InfectiousPS,@doritmi
@BlackAutist,@doritmi
@NursesWhoVax,@doritmi
@yayayarndiva,@doritmi
@lizditz,@doritmi
@lizditz,@doritmi
@surfthespectrum,@DotFranny
@ahealthyliving1,@DotFranny
@capn_madd_katt,@DowntownAndVine
@hodson93law,@DowntownAndVine
@OTCbike,@DowntownAndVine
@AngeliqueAshby,@DowntownAndVine
@DowntownSac,@DowntownAndVine
@capn_madd_katt,@DowntownSac
@OTCbike,@DowntownSac
@DowntownSac,@DowntownSac
@hodson93law,@DowntownSac
@OTCbike,@DowntownSac
@Katinsac,@DowntownSac
@kenjbarnes1,@DowntownSac
@AngeliqueAshby,@DowntownSac
@AngeliqueAshby,@DowntownSac
@ShannanVelayas,@DowntownSac
@DowntownSac,@DowntownSac
@docbeerio,@DrDeanCDC
@joegooding,@drflanders
@DrPanMD,@DrFriedenCDC
@youngidealist,@DrJillStein
@MBVanElzakker,@DrJillStein
@0xKruzr,@DrJillStein
@AnonymTipster,@DrKND
@LBAngelBaseball,@DrKND
@DotFranny,@DrOz
@healthaccess,@DrPaâ€¦
@joegooding,@DrPanMD
@DrGusChiro,@DrPanMD
@joegooding,@DrPanMD
@DrJamesKay,@DrPanMD
@AnonymTipster,@DrPanMD
@drninashapiro,@DrPanMD
@CaroleWadeNpBch,@DrPanMD
@junekazumi,@DrPanMD
@Babolat91,@DrPanMD
@pediatricskc,@DrPanMD
@janusnorman,@DrPanMD
@BassBabyDoll,@DrPanMD
@PedsGeekMD,@DrPanMD
@PedsGeekMD,@DrPanMD
@MedPedsChomilo,@DrPanMD
@doritmi,@DrPanMD
@doritmi,@DrPanMD
@mhessing,@DrPanMD
@AmyPearsonMD,@DrPanMD
@Blackfang108,@DrPanMD
@CharlesSimmins,@DrPanMD
@PedsGeekMD,@DrPanMD
@PedsGeekMD,@DrPanMD
@LeahinLA,@DrPanMD
@pediatricskc,@DrPanMD
@drninashapiro,@DrPanMD
@Ryan_Mac_Phd,@DrPanMD
@doclobby,@DrPanMD
@CaliEditor,@DrPanMD
@CaliEditor,@DrPanMD
@allanbrauer,@DrPanMD
@thezenbastard,@DrPanMD
@alisonsinger,@DrPanMD
@DrPanMD,@DrPanMD
@whatdivawants,@DrPanMD
@__KaitlinShaw,@DrPanMD
@MeyerBjoern,@DrPanMD
@cmaphysicians,@DrPanMD
@cmaphysicians,@DrPanMD
@PedsGeekMD,@DrPanMD
@TheSciBabe,@DrPanMD
@NoguchiOnK12,@DrPanMD
@Ryan_Mac_Phd,@DrPanMD
@kfbk,@DrPanMD
@kfbk,@DrPanMD
@ItsFreeAtLast,@DrPanMD
@capn_madd_katt,@DrPanMD
@capn_madd_katt,@DrPanMD
@SacConnector,@DrPanMD
@OTCbike,@DrPanMD
@AFHSBPAGE,@DrPanMD
@cmaphysicians,@DrPanMD
@AnonymTipster,@DrPanMD
@AngeliqueAshby,@DrPanMD
@DrPanMD,@DrPanMD
@SEIU2015,@DrPanMD
@ShannanVelayas,@DrPanMD
@ChildrenNow,@DrPanMD
@EdTrustWest,@DrPanMD
@DowntownSac,@DrPanMD
@OTCbike,@DrPanMD
@hodson93law,@DrPanMD
@OTCbike,@DrPanMD
@Katinsac,@DrPanMD
@kenjbarnes1,@DrPanMD
@DrPanMD,@DrPanMD
@AngeliqueAshby,@DrPanMD
@AngeliqueAshby,@DrPanMD
@samdtran,@DrPanMD
@OTCbike,@DrPanMD
@julie_cart,@DrPanMD
@OTCbike,@DrPanMD
@JJsHelloFund,@DrPanMD
@natomasdaily,@DrPanMD
@hgawlick,@DrPanMD
@suelmorrow,@DrPanMD
@AngeliqueAshby,@DrPanMD
@AngeliqueAshby,@DrPanMD
@AngeliqueAshby,@DrPanMD
@AngeliqueAshby,@DrPanMD
@ShannanVelayas,@DrPanMD
@DowntownSac,@DrPanMD
@DrPanMD,@DrPanMD
@healthaccess,@DrPanMD
@ConsumersUnion,@DrPanMD
@jordyntruee,@DrPanMD
@CALmatters,@DrPanMD
@ShannanVelayas,@DrPanMD
@yayayarndiva,@DrPanMD
@EaseT1d,@DrPanMD
@healthaccess,@DrPanMD.
@RachelLG83,@DrPanMD)
@gorskon,@DrPaulOffit
@arclight,@DrPaulOffit
@liberalgirl4,@DrPeppercorn
@CAWalks,@DrRimaLaibow
@StepPalmer,@DrRimaLaibow
@JourneysNonnie,@DrRimaLaibow
@ShamanofDrums,@DrThomasPaul
@DSN_MikeJohnsen,@DrugStoreNews
@doritmi,@DrWakefield
@doritmi,@DrWakefield
@aafpprez,@Drwandafiler
@pediatricskc,@DrWilliamHoh
@PedsGeekMD,@DrWilliamHoh
@kxamtxon,@ElenaNBCSD
@WilliaBriggsDDS,@ElenaNBCSD
@PrincipalSloan1,@ElenaNBCSD
@_MarilynM,@ElenaNBCSD
@Goodluckbeer,@ElenaNBCSD
@TrnLannister,@ElenaNBCSD
@nbcsandiego,@ElenaNBCSD
@joegooding,@ElizabethMcCra2
@Drwandafiler,@EllynStecker
@aafpprez,@EllynStecker
@doritmi,@EMcCra2
@ShotAtLife,@EndPolioNow
@dawterofliberty,@facebook
@capn_madd_katt,@fl0werb0ys
@afullmargin,@fl0werb0ys
@DotFranny,@FlygirlDx
@SNCCLA,@focusforhealth
@FordDiem,@FoldableHuman
@joegooding,@Forbes
@LeahinLA,@Forbes
@LeahinLA,@Forbes
@reesemdion,@ForgingMeanings
@reesemdion,@ForgingMeanings
@dawterofliberty,@foxnews
@dawterofliberty,@FrancineRivers
@frill_ability,@frill_ability
@katannsky2,@gateshealth
@DotFranny,@GathrFilms
@ShotAtLife,@gavi
@ShotAtLife,@gavi
@SamanthaJGalvin,@gavi
@LydiaMFanfan,@gavi
@ShotAtLife,@gavi
@Mandeep_Dh,@gavi
@ksaalim521,@gavi
@thesaddleguy1,@gavi
@CIRWH,@gavi
@VaxTrac,@gavi
@ShotAtLife,@gavi
@ShotAtLife,@gavi
@DrPanMD,@gavi
@ShotAtLife,@gavi
@icm2016,@gavi
@ShotAtLife,@gavi
@EphraimRabin,@gavi
@OrinLevine,@gavi
@GovindarajVR,@gavi
@DiagnosticChick,@GaviSeth
@SamanthaJGalvin,@GaviSeth
@OrinLevine,@GaviSeth
@healthaccess,@GeneralRoth
@EaseT1d,@GeneralRoth
@joegooding,@GeoffSchuler
@doritmi,@GeoffSchuler
@doritmi,@GeoffSchuler
@Awithonelison,@GeoffSchuler
@Awithonelison,@GeoffSchuler
@Awithonelison,@GeoffSchuler
@Awithonelison,@GeoffSchuler
@Awithonelison,@GeoffSchuler
@Awithonelison,@GidMK
@Awithonelison,@GidMK
@Awithonelison,@GidMK
@Awithonelison,@GidMK
@Awithonelison,@GidMK
@orteli_99,@Gisbert_Susana
@annekott,@GlobalHealthOrg
@ksaalim521,@globalmomschall
@thesaddleguy1,@globalmomschall
@BentonDr,@goharrison
@pchorsedoc,@GoIrish1951
@multco,@GoodNeighborVet
@savyone23,@google
@StepPalmer,@google
@dawterofliberty,@google
@AnniElocin,@google
@PWnorthwest,@google
@safacles,@GovernorDeal
@safacles,@GovernorDeal
@dawterofliberty,@GovPressOffice
@dmilat68,@GovPressOffice
@CAWalks,@GovPressOffice
@dmilat68,@GovPressOffice
@dmilat68,@GovPressOffice
@dmilat68,@GovPressOffice
@VoiceOfOBrien,@gravenimagerd
@joe_nilo,@GreenPartyUS
@AdamPlatt1999,@Gus_802
@joegooding,@handmadekathy
@ShannanVelayas,@handmadekathy
@lizditz,@handmadekathy
@dmilat68,@HealthFreedomRX
@dmilat68,@HealthFreedomRX
@dawterofliberty,@HealthFreedomRX
@dawterofliberty,@HealthFreedomRX
@DSN_MikeJohnsen,@HealthMart
@DSN_MikeJohnsen,@HealthMart
@DSN_MikeJohnsen,@HealthMart
@DSN_MikeJohnsen,@HealthMart
@donnaschwartz4,@HealthRanger
@dawterofliberty,@HealthyATV
@icansketchu,@HealthyATV
@BassBabyDoll,@HealthyATV
@wendyblazer65,@healthyown
@wendyblazer65,@healthyown
@THRiiiVE,@healthyown
@THRiiiVE,@healthyown
@THRiiiVE,@healthyown
@savyone23,@healthyown
@StepPalmer,@healthyown
@dawterofliberty,@healthyown
@AnniElocin,@healthyown
@PWnorthwest,@healthyown
@OrinLevine,@HelenMatzger
@IDEpiPhD,@HelenMatzger
@AnniElocin,@heraldtribune
@jeffchesen,@HillaryClinton
@livinghispanic,@Hlth_Literacy
@newhousel,@HopeLizzy
@PWnorthwest,@housefloor
@DeeLoralei,@HouseGOP
@dallasrbaird,@HouseGOP
@ChronOpinion,@HoustonChron
@aboutreed,@httpstwittercomWI_Chemtrails
@joegooding,@IamMonicaRae
@joegooding,@IamMonicaRae
@ColumbiaCoHHS,@Immunize_USA
@DrPanMD,@Immunize_USA
@ATCarter07,@Inforwarrior2
@GeminisRegio,@Iorverth
@syafinazulkafli,@irkif10
@syafinazulkafli,@irkif10
@dawterofliberty,@itsbaxter
@CAWalks,@itsbaxter
@GlendaMcRose,@itsbaxter
@2ndfor1st,@itsbaxter
@joegooding,@itsmepanda1
@joegooding,@itsmepanda1
@LeahinLA,@itsmepanda1
@joegooding,@itsmepanda1
@doritmi,@itsmepanda1
@doritmi,@itsmepanda1
@2ndfor1st,@itsmepanda1
@joegooding,@itsmepanda1
@Awithonelison,@itsmepanda1
@Awithonelison,@itsmepanda1
@Awithonelison,@itsmepanda1
@Awithonelison,@itsmepanda1
@Freaydeak,@Jâ€¦
@gerberdaisy210,@Jâ€¦
@angelakaplan7,@JackShainman
@AnnaMarie_MN,@JanelB
@surfthespectrum,@JanelB
@CAWalks,@jasoninthehouse
@SonOfJupit3r,@jdelugach
@dawterofliberty,@jdelugach
@eiragwen,@JdIllustrates
@dawterofliberty,@JeffereyJaxen
@RichardILevine,@JeffereyJaxen
@DotFranny,@JeffereyJaxen
@Paulthoughts,@jenmort2002
@theNCI,@Jennifer_L_Moss
@D6Coughlan,@Jennifer_L_Moss
@DrToddWo,@Jennifer_L_Moss!
@FarrahFazal,@JenniferCBSLA
@ShorealoneFilms,@JenniferCBSLA
@KNX1070,@JenniferCBSLA
@CBSLA,@JenniferCBSLA
@FondoKNXTraffic,@JenniferCBSLA
@teddywiningre2,@JenniferMarguli
@doritmi,@JenniferRaff
@DrGusChiro,@JerryBrownGov
@AnonymTipster,@JerryBrownGov
@RhondaMcMahon24,@JerryBrownGov
@ahealthyliving1,@JerryBrownGov
@dmilat68,@JerryBrownGov
@dmilat68,@JerryBrownGov
@the1ness,@JerryBrownGov
@EvelynPringle,@JerryBrownGov
@donnaschwartz4,@JerryBrownGov
@SNCCLA,@JerryBrownGov
@dmilat68,@JerryBrownGov
@dmilat68,@JerryBrownGov
@vaxxedthemovie,@JimCarrey
@_neurysm,@jimiecheng
@ItsFreeAtLast,@JodiTraversaro
@SacConnector,@JodiTraversaro
@joegooding,@joegooding
@joegooding,@joegooding
@joegooding,@joegooding
@joegooding,@joegooding
@joegooding,@joegooding
@joegooding,@joegooding
@joegooding,@joegooding
@LeahinLA,@joegooding
@kaushik_k_,@JoelAchenbach
@MoniGirolami,@Jonathan
@billsekerak3,@JonathanHoenig
@JonathanHoenig,@JonathanHoenig
@OTCbike,@jordyntruee
@AngeliqueAshby,@jordyntruee
@vdashcom,@JosephLaurino
@croquetcrazy,@JournoJenkins67
@cynicq,@JournoJenkins67
@joegooding,@Juliann990
@afullmargin,@JustADakota
@kfbk,@KaitlinLewis15
@kfbk,@KaitlinLewis15
@CAWalks,@kareennews
@boosterbook,@kath2cats
@TheQforU,@kellychronicles
@vaxxedthemovie,@kellychronicles
@vaxxedthemovie,@kellychronicles
@JJsHelloFund,@KenCooley
@dreadpiraterose,@kendrawcandraw
@Yemeni_Proudly,@KentPage
@ashanker,@KentPage
@doritmi,@KeppyJlkep
@ItsFreeAtLast,@kfbk
@SacConnector,@kfbk
@kfbk,@kfbk
@KaitlinLewis15,@kfbk
@0xKruzr,@kgosztola
@drninashapiro,@KPCC
@wonkdontrun,@KPCC
@DrPanMD,@KQED
@DotFranny,@kristieburchit
@jasmineweebchan,@kwh
@AngeliqueAshby,@LadySylvia
@joegooding,@LaLaRueâ€¦
@CalicoInsite,@LaLaRueFrench75
@mlisag123,@LaLaRueFrench75
@dmilat68,@LaLaRueFrench75
@dmilat68,@LaLaRueFrench75
@ShantelWireman1,@LaLaRueFrench75
@monis1013,@lalger2020
@monis1013,@lalger2020
@monis1013,@lalger2020
@savyone23,@latimes
@StepPalmer,@latimes
@jasmineweebchan,@LauraBaileyVO
@GeminisRegio,@LauraBaileyVO
@GeminisRegio,@LauraBaileyVO
@KatWaterflame,@LauraBaileyVO
@mikeroftholmes,@LauraBaileyVO
@King_Cripple207,@LauraBaileyVO
@King_Cripple207,@LauraBaileyVO
@newhousel,@lauramedison
@angelakaplan7,@leftsidestoryUS
@Scarsworn,@LemonandHoneyCo
@bakersfieldnow,@Lexie29News
@angelakaplan7,@liciahurst
@LandeeCrier,@lightlovetruth
@joegooding,@LiliaSfo
@Subscatter,@liposuctor
@ShannanVelayas,@LMurphy23
@joegooding,@lordthx1139
@infiniteluv4evr,@LotusOak
@infiniteluv4evr,@LotusOak
@BlueSkyGrannie,@LotusOak
@abramovitzra,@LotusOak
@abramovitzra,@LotusOak
@michelle8660,@LotusOak
@littlemsgooner,@LotusOak
@littlemsgooner,@LotusOak
@lbragen,@LotusOak
@LindaBrierty,@LotusOak
@GangstaOfBoats,@LotusOak
@dgtaylor60,@LotusOak
@annmargrit,@LotusOak
@ColdWarrior2000,@LotusOak
@soybean52,@LotusOak
@wyomingbroncos,@mab8663Panto
@cmcnguyen,@maiamajumder
@danmunro,@MandiBPro
@kaushik_k_,@ManilSuri
@DotFranny,@marcellakroll
@wendyblazer65,@MarcellaPiperTe
@wendyblazer65,@MarcellaPiperTe
@StepPalmer,@MarcellaPiperTe
@dawterofliberty,@MarcellaPiperTe
@BethIsAwake,@MarcellaPiperTe
@DanaElizabeth69,@MarianeEriksson
@King_Cripple207,@Marisha_Ray
@King_Cripple207,@Marisha_Ray
@Kaba_Jifika,@Marisha_Ray
@ChildrenNow,@MartyBlock4SD39
@samdtran,@MartyBlock4SD39
@PedsGeekMD,@MaryKretzmann
@PedsGeekMD,@MaryKretzmann
@GeminisRegio,@matthewmercer
@tony_mcdowell,@matthewmercer
@dawterofliberty,@May12org
@dawterofliberty,@May12org
@dawterofliberty,@May12org
@KerieBerkowitz,@MayoClinic
@dragonl1202,@MayoClinic
@MNOvarianCancer,@MayoClinic
@WHMayoClinic,@MayoClinic
@angelakaplan7,@Mbksv
@NCHforDocs,@MBradyMD
@0xKruzr,@MBVanElzakker
@DSN_MikeJohnsen,@McKideaShare
@DSN_MikeJohnsen,@McKideaShare
@DSN_MikeJohnsen,@McKideaShare
@DSN_MikeJohnsen,@McKideaShare
@DSN_MikeJohnsen,@McKideaShare
@DSN_MikeJohnsen,@McKideaShare
@gorskon,@medsâ€¦
@arclight,@medsâ€¦
@ChopChopJapchae,@MetaFouric
@rayQuanTezm,@MetaFouric
@chu_bacca,@MetaFouric
@GeminisRegio,@MetaFouric
@GeminisRegio,@MetaFouric
@DotFranny,@mikebonin
@billsekerak3,@MikeHartford6
@JonathanHoenig,@MikeHartford6
@GeminisRegio,@mindwasp
@orteli_99,@MireiaSerret
@joegooding,@mission2heal
@WolfBabyCEF,@mitchrohrer
@KerieBerkowitz,@MNOvarianCancer
@dragonl1202,@MNOvarianCancer
@WHMayoClinic,@MNOvarianCancer
@angelakaplan7,@MoForPal
@monis1013,@MOMMYCAT56
@monis1013,@MOMMYCAT56
@monis1013,@MOMMYCAT56
@RhondaMcMahon24,@MomsDemand
@dawterofliberty,@MorningCenter
@katie_prout,@morninggloria
@lin_deshan,@morninggloria
@WaukeSlosh,@morninggloria
@ibookery,@morninggloria
@jimmyh740,@morninggloria
@oMyAngelShawnO,@morninggloria
@MetricButtload,@morninggloria
@imaginaryerika,@morninggloria
@JacobG88,@morninggloria
@douglasjfresh,@morninggloria
@sigil66,@morninggloria
@RaiderUte,@morninggloria
@AntonloRuiz,@morninggloria
@hipknitter,@morninggloria
@NerfHerder73,@morninggloria
@dursonj,@MotherChild
@SNCCLA,@Movanhook
@LydiaMFanfan,@MSâ€¦
@LydiaMFanfan,@MSF!
@multco,@MultCopets
@dmilat68,@MyBrigitte
@SoAngieWrites,@MzHottboxxxez
@youngidealist,@n920gl
@MBVanElzakker,@n920gl
@spacatti,@Naura_Rarawwwr
@theNCI,@NCIDrDoug
@D6Coughlan,@NCIDrDoug
@NFBilimoria,@NEJM.
@SteveDavisPATH,@NEJM.
@WendyNBCSD,@Newtons_Muse
@connieajohnson,@NIAIDNews
@UMassMedNow,@NIAIDNews
@dreadpiraterose,@NLN4v
@chu_bacca,@NLN4v
@icansketchu,@nltarlow
@savyone23,@nltarlow
@emmathurn,@nltarlow
@hithappenings,@noeltbrewer
@DrToddWo,@noelTbrewer
@joegooding,@noUpside
@SNCCLA,@Novaccineforce
@KELLYCLELLAND1,@novapbs
@wonkdontrun,@NPR
@DrGusChiro,@Nurse4freedom
@AnonymTipster,@Nurse4freedom
@dawterofliberty,@Nurse4freedom
@Zakurex,@NVICAdvocacy
@peakdavid,@NVICAdvocacy
@HomeopathyWomen,@NVICAdvocacy
@vax,@NYCTSubway
@dawterofliberty,@nytimes
@quadz08,@Octy_in_Boots
@lizu77,@OHPediatricians
@angelakaplan7,@op_pharma
@SNCCLA,@OregonVacTruth
@WGHA,@OrinLevine
@capn_madd_katt,@OTCbike
@capn_madd_katt,@OTCbike
@OTCbike,@OTCbike
@DowntownSac,@OTCbike
@hodson93law,@OTCbike
@hodson93law,@OTCbike
@OTCbike,@OTCbike
@Katinsac,@OTCbike
@kenjbarnes1,@OTCbike
@AngeliqueAshby,@OTCbike
@OTCbike,@OTCbike
@OTCbike,@OTCbike
@AngeliqueAshby,@OTCbike
@AngeliqueAshby,@OTCbike
@AngeliqueAshby,@OTCbike
@AngeliqueAshby,@OTCbike
@DowntownSac,@OTCbike
@DowntownSac,@OTCbike
@jordyntruee,@OTCbike
@ShannanVelayas,@OTCbike
@PainterSam,@PainterSam
@dawterofliberty,@panerabread
@Boston_Biotech,@PDRennert
@DrJamesKay,@PedsGeekMD
@junekazumi,@PedsGeekMD
@Babolat91,@PedsGeekMD
@pediatricskc,@PedsGeekMD
@MedPedsChomilo,@PedsGeekMD
@mhessing,@PedsGeekMD
@AmyPearsonMD,@PedsGeekMD
@Blackfang108,@PedsGeekMD
@CharlesSimmins,@PedsGeekMD
@PedsGeekMD,@PedsGeekMD
@pediatricskc,@PedsGeekMD
@doclobby,@PedsGeekMD
@CaliEditor,@PedsGeekMD
@allanbrauer,@PedsGeekMD
@alisonsinger,@PedsGeekMD
@DrPanMD,@PedsGeekMD
@whatdivawants,@PedsGeekMD
@cmaphysicians,@PedsGeekMD
@TheSciBabe,@PedsGeekMD
@tznkai,@pegobry
@dursonj,@PeterASinger
@CalliCoop,@Pianomover
@icansketchu,@PollyTommey
@vaxxedthemovie,@PollyTommey
@AnniElocin,@portlandmercury
@coloradoan,@PoudreSchools
@AliciaStice,@PoudreSchools.
@coloradoan,@PoudreSchools.
@sarahjanekyle,@PoudreSchools.
@joegooding,@PressHerald
@KELLYCLELLAND1,@PreventionTips
@dawterofliberty,@ProParentRights
@dawterofliberty,@ProParentRights
@healthaccess,@RachelLG83
@joegooding,@rblotnicky
@matt_erion,@realDonaldTrump
@EKMelaas,@Reid_CO
@joegooding,@RepAndreCarson
@JJsHelloFund,@repbera
@doritmi,@RichardJHealy
@danmunro,@RJSzczerba
@pw_cunningham,@rking_19
@dawterofliberty,@RobSchneider
@RichardILevine,@RobSchneider
@DotFranny,@RobSchneider
@capn_madd_katt,@RobynAlyHope
@monis1013,@rockermom53
@monis1013,@rockermom53
@monis1013,@rockermom53
@surfthespectrum,@RogueZebraTMR
@DrMartinCDC,@sabinvaccine
@IDEpiPhD,@sabinvaccine
@joegooding,@SacBeeEditBoard
@DrPanMD,@SacBeeEditBoard
@ItsFreeAtLast,@SacConnector
@capn_madd_katt,@SacramentoCVB
@OTCbike,@SacramentoCVB
@DowntownSac,@SacramentoCVB
@hodson93law,@SacramentoCVB
@OTCbike,@SacramentoCVB
@Katinsac,@SacramentoCVB
@kenjbarnes1,@SacramentoCVB
@AngeliqueAshby,@SacramentoCVB
@AngeliqueAshby,@SacramentoCVB
@DowntownSac,@SacramentoCVB
@dawterofliberty,@samaritanmin
@ChildrenNow,@samdtran
@orteli_99,@sandradekiwi
@chikulawayoo,@SANTINORICE
@Autistikids,@sapienist
@AliciaStice,@sarahjanekyle
@coloradoan,@sarahjanekyle
@doritmi,@sburke85
@doritmi,@sburke85
@AnonymTipster,@sburke85
@radicaltimes,@scimc_newswire
@DrPanMD,@SEIU2015
@DrPanMD,@SEIU2015
@SEIU2015,@SEIU2015
@ShannanVelayas,@SEIU2015
@ChildrenNow,@SenAndyVidak
@samdtran,@SenAndyVidak
@DeeLoralei,@SenateGOP
@dallasrbaird,@SenateGOP
@CAWalks,@SenateGOP
@EaseT1d,@SenateRepCaucus
@JJsHelloFund,@SenatorBoxer
@ChildrenNow,@SenatorCarolLiu
@samdtran,@SenatorCarolLiu
@ChildrenNow,@SenatorLeyva
@samdtran,@SenatorLeyva
@JJsHelloFund,@SenFeinstein
@dmilat68,@SenHannahBeth
@dmilat68,@SenHannahBeth
@dmilat68,@SenHannahBeth
@dmilat68,@SenHannahBeth
@SocialPowerOne1,@SenSanders
@tznkai,@SenSanders
@bsheevz,@SenSanders
@DrPanMD,@ShannanVelayas
@SEIU2015,@ShannanVelayas
@OTCbike,@ShannanVelayas
@AngeliqueAshby,@ShannanVelayas
@joegooding,@ShantelWireman1
@vaxxedthemovie,@sheilaealy
@SonOfJupit3r,@ShirinRajaee
@liberalgirl4,@ShirinRajaee
@1Mauricewood,@ShirinRajaee
@lindibiachi,@ShirinRajaee
@mktredi,@ShirinRajaee
@LeahinLA,@ShirinRajaee
@dcap22803,@ShirinRajaee
@tvNewsChristina,@ShirinRajaee
@kidspluspgh,@ShotAtLife
@DrToddWo,@ShotAtLife
@OCacupuncture,@ShotAtLife
@naturalmommy7,@ShotAtLife
@ksaalim521,@ShotAtLife
@thesaddleguy1,@ShotAtLife
@EwEdmiston,@ShotAtLife.
@dawterofliberty,@SIDSexposed
@ahealthyliving1,@SilentSpring05
@the1ness,@SilentSpring05
@emmathurn,@SilentSpring05
@dmilat68,@SilentSpring05
@the1ness,@SilentSpring05
@EvelynPringle,@SilentSpring05
@donnaschwartz4,@SilentSpring05
@donnaschwartz4,@SilentSpring05
@sapphirethrone,@SilentSpring05
@SNCCLA,@SilentSpring05
@NanaKerryL,@SilentSpring05
@canthavepudding,@simonhendel
@doritmi,@skepticalraptor
@Autistikids,@skepticalraptor
@DrPanMD,@SkeptiMe
@emmiewithacape,@sketchingsprw
@rayQuanTezm,@sketchingsprw
@the whole U.S.A.,@sketchingsprw
@DotFranny,@slealey53
@dmilat68,@slealey53
@emmathurn,@slealey53
@DotFranny,@slealey53
@joe_nilo,@SpaceCoastLaw
@LauraAnnalina,@steaktweet
@kfbk,@Steinberg4Sac
@capn_madd_katt,@Steinberg4Sac
@capn_madd_katt,@Steinberg4Sac
@OTCbike,@Steinberg4Sac
@DowntownSac,@Steinberg4Sac
@hodson93law,@Steinberg4Sac
@OTCbike,@Steinberg4Sac
@Katinsac,@Steinberg4Sac
@kenjbarnes1,@Steinberg4Sac
@AngeliqueAshby,@Steinberg4Sac
@AngeliqueAshby,@Steinberg4Sac
@OTCbike,@Steinberg4Sac
@OTCbike,@Steinberg4Sac
@natomasdaily,@Steinberg4Sac
@hgawlick,@Steinberg4Sac
@suelmorrow,@Steinberg4Sac
@AngeliqueAshby,@Steinberg4Sac
@AngeliqueAshby,@Steinberg4Sac
@AngeliqueAshby,@Steinberg4Sac
@AngeliqueAshby,@Steinberg4Sac
@ShannanVelayas,@Steinberg4Sac
@DowntownSac,@Steinberg4Sac
@jordyntruee,@Steinberg4Sac
@ShannanVelayas,@Steinberg4Sac
@NFBilimoria,@SteveDavisPATH
@EaseT1d,@Stone4Senate
@ProfBanks,@StoryMangler
@SocialPowerOne1,@StuckJake
@MarQB945,@Stutzy6
@dawterofliberty,@Stutzy6
@dawterofliberty,@Stutzy6
@nealsgroupie,@Stutzy6
@emmathurn,@Stutzy6
@dmilat68,@Stutzy6
@dmilat68,@Stutzy6
@dmilat68,@Stutzy6
@FolkWhoAwoke,@Stutzy6
@donnaschwartz4,@Stutzy6
@rcbalive,@SueinRockville
@rroossiiiee,@SuzyHaroutunian
@furtheloveofare,@TailsSpinPets
@furtheloveofare,@TailsSpinPets
@TailsSpinPets,@TailsSpinPets
@dmilat68,@Tannersâ€¦
@emmathurn,@TannersDad
@dawterofliberty,@TannersDad
@dawterofliberty,@TannersDad
@wendyblazer65,@TannersDad
@StepPalmer,@TannersDad
@StepPalmer,@TannersDad
@StepPalmer,@TannersDad
@soybean52,@TannersDad
@DotFranny,@TannersDad
@gerberdaisy210,@TannersDad
@harrelson_heidi,@TannersDad
@Freaydeak,@TannersDad
@gerberdaisy210,@TannersDad
@CAWalks,@TannersDad
@joegooding,@TannersDad
@DotFranny,@TannersDad
@NoguchiOnK12,@taseipel
@EaseT1d,@TedGaines
@DotFranny,@tedlieu
@SNCCLA,@the_refusers
@VaxChoiceVT,@the_refusers
@the1ness,@the_refusers
@MikeScowden,@theaceofspaeder
@cdhorton23,@theaceofspaeder
@GetAJobBrett,@theaceofspaeder
@LucJones18,@theaceofspaeder
@baseballcrank,@theaceofspaeder
@aj_reveron,@theaceofspaeder
@Moonlightswami,@theaceofspaeder
@LoveClaudiaXOXO,@theaceofspaeder
@OTCbike,@TheCityofSac
@DowntownSac,@TheCityofSac
@Katinsac,@TheCityofSac
@kenjbarnes1,@TheCityofSac
@AngeliqueAshby,@TheCityofSac
@joegooding,@theMommyX
@genevive429,@theNCI
@theNCI,@theNCI
@theNCI,@theNCI
@D6Coughlan,@theNCI
@RAUARAESP,@TheSciBabe
@HernanTheCivil,@TheSciBabe
@magic_stu,@TheSciBabe
@Globox__,@thgwf
@AutismOne,@thinkingmomsrev
@SNCCLA,@thinkingmomsrev
@dawterofliberty,@THRiiiVE
@organicsincere,@TimBolen1
@LaurieGuthrie,@TimBolen1
@incomemadeeasy,@TimBolen1
@MacRaider,@TimBolen1
@pabvlnb,@TimBolen1
@dawterofliberty,@TimBolen1
@dawterofliberty,@TimBolen1
@tccedillo,@TimBolen1
@ljbolog,@TimBolen1
@LandeeCrier,@TimBolen1
@LeahinLA,@TimBolen1
@joegooding,@TimBolen1
@AwakeningLib,@TimBolen1
@BethIsAwake,@TimBolen1
@AdamPlatt1999,@TinaMorphis
@pediatricskc,@truthvaxwarrior
@joegooding,@truthvaxwarrior
@connieajohnson,@UMassMedNow
@TheRealRBlack,@Undertale
@unicefcougars,@UNICEF
@ShotAtLife,@UNICEF
@GovindarajVR,@UNICEF
@sabinvaccine,@UNICEF_CAR
@ShotAtLife,@UNICEF_CAR
@unicefcougars,@UNICEFEthiopia
@ShotAtLife,@unicefturk
@CaliEditor,@VaccinateCal
@DrBrianFoster,@VaccineAlertFYI
@ARAGhandour,@Vaccines
@dawterofliberty,@VACTRUTH
@DBystrowski,@VACTRUTH
@MoniGirolami,@Vax
@NYCTSubway,@vax
@monis1013,@VaxCalc
@monis1013,@VaxCalc
@monis1013,@VaxCalc
@Subscatter,@VaxCalc
@surfthespectrum,@VaxxedMobile
@TheQforU,@vaxxedthemovie
@FarrahFazal,@vaxxedthemovie
@ShorealoneFilms,@vaxxedthemovie
@KNX1070,@vaxxedthemovie
@CBSLA,@vaxxedthemovie
@FondoKNXTraffic,@vaxxedthemovie
@JenniferCBSLA,@vaxxedthemovie
@kfbk,@vaxxedthemovie
@CAWalks,@vaxxedthemovie
@GlendaMcRose,@vaxxedthemovie
@2ndfor1st,@vaxxedthemovie
@2ndfor1st,@VeritasDolor
@SonOfJupit3r,@VeritasDolor
@jdelugach,@VeritasDolor
@joegooding,@VeritasDolor
@MacRaider,@VeritasDolor
@KPMcDonald,@VHW
@dawterofliberty,@VialNews
@SNCCLA,@VialNews
@KPMcDonald,@VillageReach
@clarasoister,@Vimeo
@youngidealist,@vjack
@ChopChopJapchae,@VoiceOfOBrien
@rayQuanTezm,@VoiceOfOBrien
@jasmineweebchan,@VoiceOfOBrien
@jasmineweebchan,@VoiceOfOBrien
@chu_bacca,@VoiceOfOBrien
@GeminisRegio,@VoiceOfOBrien
@GeminisRegio,@VoiceOfOBrien
@GeminisRegio,@VoiceOfOBrien
@GeminisRegio,@VoiceOfOBrien
@GeminisRegio,@VoiceOfOBrien
@ForTheXPDM,@VoiceOfOBrien
@dreadpiraterose,@VoiceOfOBrien
@mikeroftholmes,@VoiceOfOBrien
@Kaba_Jifika,@VoiceOfOBrien
@tony_mcdowell,@VoiceOfOBrien
@kidoctr,@Voices4Vaccines
@NursesWhoVax,@Voices4Vaccines
@NursesWhoVax,@Voices4Vaccines
@KCIDCCB,@Voices4Vaccines
@PubHealthSci,@Voices4Vaccines
@PubHealthSci,@Voices4Vaccines
@angelakaplan7,@WakeUp
@FlyingOFamily,@walrusrising
@Travmanman,@WarGodArt
@KerieBerkowitz,@WCCO
@dragonl1202,@WCCO
@MNOvarianCancer,@WCCO
@WHMayoClinic,@WCCO
@PWnorthwest,@wfaachaâ€¦
@cookie930,@whereisdaz
@OCherokee,@whereisdaz
@nite0wl_2600,@whereisdaz
@Sally_Twodicks,@whereisdaz
@U_Megabyte,@whereisdaz
@thefarseeker,@whereisdaz
@LionsTalk,@whereisdaz
@Sir_Jyrki,@whereisdaz
@SirenofBrixton,@whereisdaz
@annekott,@WHO
@EphraimRabin,@WHO
@VoiceOfOBrien,@willfriedle
@King_Cripple207,@WillingBlam
@afullmargin,@Winterferns
@PainterSam,@WireAndHoney.
@WirzAimee,@wordpressdotcom
@keROBinsonArt,@wordpressdotcom
@VaxxedMobile,@wordpressdotcom
@Blondebattleaxe,@wordpressdotcom
@DreamsHappenNow,@wordpressdotcom
@PandorasMouth,@YouTube
@AnniElocin,@youtube
@DotFranny,@YouTube
@soybean52,@YouTube
@NobleRamziElBey,@YouTube